[
  {
    "id": 1500010832,
    "featured": "New Release",
    "title": "Slap Kings",
    "slug": "slap-kings",
    "subtitle": "Become world's best slapper",
    "icon": "slap-kings-icon.jpg",
    "description": "Most relaxing challenge you ever played!\nSlap your opponents to be the best slapper!\nEach turn you and your opponent slap each other, whoever slaps harder meets the new challenger!\nGet ready, aim and slap hard!\nBecome the world's best slapper!",
    "price": "$0.00",
    "release_date": "2020-02-23T00:00:00",
    "size": 198452224,
    "promotionalText": "Slap the whole world one face at a time!",
    "rating": 4.8,
    "developer": {
      "name": "Gameguru",
      "id": 978359163
    },
    "screenshots": [
      "slap-kings-1.jpg",
      "slap-kings-2.jpg",
      "slap-kings-3.jpg",
      "slap-kings-4.jpg"
    ],
    "versions": [
      {
        "version": "1.0",
        "release_date": "2020-02-22T00:00:00",
        "release_notes": null
      },
      {
        "version": "1.0.1",
        "release_date": "2020-02-25T00:00:00",
        "release_notes": "Minor bug fixes\nAudio enhancements"
      },
      {
        "version": "1.0.3",
        "release_date": "2020-03-02T00:00:00",
        "release_notes": null
      },
      {
        "version": "1.0.4",
        "release_date": "2020-03-03T00:00:00",
        "release_notes": null
      },
      {
        "version": "1.0.5",
        "release_date": "2020-03-06T00:00:00",
        "release_notes": null
      }
    ]
  },
  {
    "id": 1493125671,
    "featured": false,
    "title": "Sort It 3D",
    "slug": "sort-it-3d",
    "subtitle": "Gotta sort them all!!",
    "icon": "sort-it-3d-icon.jpg",
    "description": "Gota sort them all!!\n\nSort all color balls in the tubes,\nHow far can you go?",
    "price": "$0.00",
    "release_date": "2020-01-09T00:00:00",
    "size": 70159360,
    "promotionalText": "",
    "rating": 4.6,
    "developer": {
      "name": "SUPERSONIC STUDIOS LTD",
      "id": 1499845738
    },
    "screenshots": [
      "sort-it-3d-1.jpg",
      "sort-it-3d-2.jpg",
      "sort-it-3d-3.jpg",
      "sort-it-3d-4.jpg",
      "sort-it-3d-5.jpg"
    ],
    "versions": [
      {
        "version": "1.1.2",
        "release_date": "2020-02-08T00:00:00",
        "release_notes": "Bug fixes"
      },
      {
        "version": "1.1.3",
        "release_date": "2020-02-10T00:00:00",
        "release_notes": "Bug Fixes"
      },
      {
        "version": "1.1.4",
        "release_date": "2020-02-12T00:00:00",
        "release_notes": "Bug Fixes"
      },
      {
        "version": "1.1.5",
        "release_date": "2020-02-14T00:00:00",
        "release_notes": "Bug Fixes"
      },
      {
        "version": "1.2",
        "release_date": "2020-02-20T00:00:00",
        "release_notes": "* New Skins\n"
      }
    ]
  },
  {
    "id": 1475440231,
    "featured": "New update",
    "title": "The Seven Deadly Sins",
    "slug": "the-seven-deadly-sins",
    "subtitle": "Grand Cross - RPG Sensation!",
    "icon": "the-seven-deadly-sins-icon.jpg",
    "description": "Are you ready to enjoy dynamic combat, breathtaking animations, and a riveting story true to the original?\n\nDownload the amazing cinematic anime game, The Seven Deadly Sins: Grand Cross, right now!\n\n=====================================\nFeatures of The Seven Deadly Sins: Grand Cross \n=====================================\n\n▶ A brand-new turn-based RPG! A novel approach to combat! A strategic combat system utilizing skill synthesis.\nSkills with the same star rank upgrade to a higher rank when they're next to each other!\nFeel the thrill of battle with each turn in the dynamic combat system.\nCombine cards and use them to trigger an \"Ultimate Move\" to decimate opponents!\nCreate your own strategy by combining the unique skills of [The Seven Deadly Sins] characters.\n\n▶ Cooperate with friends to take down a giant demon in Death Match mode, and enjoy exciting and diverse PvP content.\nEnjoy Death Match, 2-player cooperative content played in real time!\nDefeat demons with a friend before time expires to defend the kingdom!\nAn Arena where you can compete with players all around the world awaits.\nFind your own strategy to win!\n\n▶ Build your very own team in the [The Seven Deadly Sins]!\n[The Seven Deadly Sins] heroes assemble!\nDress up your characters in exclusive, never-before-seen outfits!\nHairstyles and accessories galore to suit your customization needs!\nCheck out the new looks of [The Seven Deadly Sins] characters!\n\n▶ The original world recreated in detail - the animated story beautifully reborn!\nThe continent of Britannia has come to life! The Holy War that ended 3,000 years ago begins anew.\nExperience high-resolution 3D animated cutscenes and prepare for the Holy War alongside the characters of [The Seven Deadly Sins].\n\n▶ Characters rendered in AR, and various other easter eggs await you!\n\n※ Recommended Specs:\n- iOS 9.0 or higher\n- RAM: 2GB or higher\n\n※ This app offer in-app purchases. You can disable this feature by adjusting your device’s settings.\nBy downloading this game, you are agreeing to our Terms of Service and Privacy Policy.\n - Terms of Use: http://help.netmarble.com/policy/terms_of_service.asp\n - Privacy Policy: http://help.netmarble.com/policy/privacy_policy.asp\n\n※ Optional access\nCAMERA\n- Allows the camera for AR function to take pictures with AR characters.\nPHOTO\n- Allows the application to read from the external storage.",
    "price": "$0.00",
    "release_date": "2020-03-02T00:00:00",
    "size": 265040896,
    "promotionalText": "",
    "rating": 4.9,
    "developer": {
      "name": "Netmarble Corporation",
      "id": 930364579
    },
    "screenshots": [
      "the-seven-deadly-sins-1.jpg",
      "the-seven-deadly-sins-2.jpg",
      "the-seven-deadly-sins-3.jpg",
      "the-seven-deadly-sins-4.jpg",
      "the-seven-deadly-sins-5.jpg",
      "the-seven-deadly-sins-6.jpg",
      "the-seven-deadly-sins-7.jpg",
      "the-seven-deadly-sins-8.jpg",
      "the-seven-deadly-sins-9.jpg"
    ],
    "versions": [
      {
        "version": "0.2.5",
        "release_date": "2020-03-31T00:00:00",
        "release_notes": null
      },
      {
        "version": "1.0.0",
        "release_date": "2020-03-03T00:00:00",
        "release_notes": "The Seven Deadly Sins: Grand Cross Official Global Launch!"
      }
    ]
  },
  {
    "id": 1488473004,
    "featured": false,
    "title": "Lucky Looter",
    "slug": "lucky-looter",
    "subtitle": "",
    "icon": "lucky-looter-icon.jpg",
    "description": "Lucky Looter is a new addictive 3D game, featuring colorfull environments and hours of gameplay! \nBe quick and sneaky and grab tons of loots! Watch out for the patrols and become the king of thieves!\n\n\nHow to play:\n- Drag your finger on the screen to move your Thief!\n- Release your finger to hide in the box!\n- Don't get caught by the Police!\n\nFeatures:\n- Sweet 3D low poly environments\n- Tons of collectables: buy new cars, new clothes, and much more!\n- Easy to pick up",
    "price": "$0.00",
    "release_date": "2020-02-24T00:00:00",
    "size": 102931456,
    "promotionalText": "Grab all the loot! Avoid the Police!",
    "rating": 4.8,
    "developer": {
      "name": "RadPirates",
      "id": 1218338313
    },
    "screenshots": [
      "lucky-looter-1.jpg",
      "lucky-looter-2.jpg",
      "lucky-looter-3.jpg",
      "lucky-looter-4.jpg",
      "lucky-looter-5.jpg"
    ],
    "versions": [
      {
        "version": "0.10",
        "release_date": "2019-12-04T00:00:00",
        "release_notes": "- New movement system!\n- Bug fixes & gameplay improvements"
      },
      {
        "version": "0.11",
        "release_date": "2019-12-10T00:00:00",
        "release_notes": "- Gameplay Improvements\n- New places to loot!\n- New tutorial to help new players :-)"
      },
      {
        "version": "0.31",
        "release_date": "2020-01-22T00:00:00",
        "release_notes": "Huge gameplay update!\n- Avoid the police patrol\n- Hide in your cardboard\n- Steal everything!\n\nMore content to come very soon!\n"
      },
      {
        "version": "0.45",
        "release_date": "2020-02-03T00:00:00",
        "release_notes": "- The Shop is finally here ! \n- levels have been reworked and Improved!\n- New levels to discover !\n- graphics and performance improvements!"
      },
      {
        "version": "1.04",
        "release_date": "2020-02-18T00:00:00",
        "release_notes": "Tons of new stuff to discover!\n- An Epic Outfit Collection for your favorite Looter!\n- Tons of Bags to collect and equip!\n- Bonus Levels to prove how Smart and Sneaky you are!\n- New Environments to explore and Loot!\n\nMore content and secrets to come! ;-) \nHave fun Looters!"
      }
    ]
  },
  {
    "id": 1486214495,
    "featured": false,
    "title": "Brain Test: Tricky Puzzles",
    "slug": "brain-test-tricky-puzzles",
    "subtitle": "Can you solve them all?",
    "icon": "brain-test-tricky-puzzles-icon.jpg",
    "description": "Brain Test is an addictive free tricky puzzle game with a series of tricky brain teasers. Different riddles testing will challenge your mind. This new puzzle game may break common sense and bring your new brain-pushing experience! You can enjoy yourself with your friends with this addictive and funny free IQ game. Get ready to take the quiz!\n\nIf you are a fan of word game, word search game, puzzle, sudoku or any other quiz games, Brain Test is your best choice!\n\nFeatures:\n• Tricky & Mind-blowing Brain Teasers: You will be tricked!\n• Unexpected game answers to the great number of quizzes.\n• Fun for All Ages: The best trivia game for family & friends’ gatherings!\n• Download this funny game for free.\n• Endless fun and brain-pushing games.\n• Great exercise for the brain.\n• Simple and highly addictive game play.\n• Great time filler.\n• Play without the internet.\n• Play offline.\n\nHave fun!\n\n\nSubscription Terms:\n\nVIP PACKAGE: Access offers a weekly subscription, you will have a 3-days FREE trial period, after this period you will be charged.\n\nAfter buying this subscription, you will unlock following features: instant 100 lamps, no ads, double daily gift, 50% cheaper skips and 40% cheaper hints.\n\nThis is an Auto-renewable subscription. The payment is charged to your account after confirmation. The subscription is renewed unless you turn it off 24 hours before the period ends. Your account will be charged for renewal as well.\n\nEnd of trial and subscription renewal:\n\n• The payment is charged to your account after a confirmation of purchase.\n• The subscription is renewed unless you turn it off 24 hour before the end of the current period.\n• The account will be charged for renewal within 24 hours before the end of the current period at the cost of the weekly subscription.\n• The user may manage the subscription and auto-renewal have to be turned off by going to the user’s account settings after purchase in the Store.\n• No cancellation of the current subscription is allowed during the active subscription period.\n\nCanceling a trial or a subscription:\n\n• If you want to cancel a subscription during its free trial, you have to cancel it through your account in the Store. This must be done at least 24 hours before the end of the free trial period to avoid being charged.\n\nFor more information, please visit https://support.apple.com/HT207865 for more information\n\nIf there is questions contact us unico@unicogames.co\n\nPrivacy Policy and Terms of Use\nPrivacy Policy: https://unicostudio.co/privacy.html\nTerms of Use: https://unicostudio.co/terms.html",
    "price": "$0.00",
    "release_date": "2019-11-12T00:00:00",
    "size": 104046592,
    "promotionalText": "",
    "rating": 4.8,
    "developer": {
      "name": "Unico Studio LLC",
      "id": 1467451326
    },
    "screenshots": [
      "brain-test-tricky-puzzles-1.jpg",
      "brain-test-tricky-puzzles-2.jpg",
      "brain-test-tricky-puzzles-3.jpg",
      "brain-test-tricky-puzzles-4.jpg",
      "brain-test-tricky-puzzles-5.jpg",
      "brain-test-tricky-puzzles-6.jpg",
      "brain-test-tricky-puzzles-7.jpg",
      "brain-test-tricky-puzzles-8.jpg",
      "brain-test-tricky-puzzles-9.jpg",
      "brain-test-tricky-puzzles-10.jpg"
    ],
    "versions": [
      {
        "version": "2.1",
        "release_date": "2020-01-12T00:00:00",
        "release_notes": "New levels added. Have Fun!"
      },
      {
        "version": "2.1.1",
        "release_date": "2020-01-26T00:00:00",
        "release_notes": "New languages added. \nGame improvements and new levels. Have fun!"
      },
      {
        "version": "2.2",
        "release_date": "2020-02-03T00:00:00",
        "release_notes": "New levels added. Game experience optimized. Have Fun!"
      },
      {
        "version": "2.3",
        "release_date": "2020-02-05T00:00:00",
        "release_notes": "Game experience optimized and some bug fixes. Have Fun!"
      },
      {
        "version": "2.4",
        "release_date": "2020-02-29T00:00:00",
        "release_notes": "66 new levels added. Game experience optimized. Have Fun!"
      }
    ]
  },
  {
    "id": 1286341761,
    "featured": false,
    "title": "OverTake",
    "slug": "overtake",
    "subtitle": "Avoid head-on collisions!",
    "icon": "overtake-icon.jpg",
    "description": "Overtaking has never been more fun! \n\nThere is only one rule here: avoid head-on collisions, they are deadly. And keep an eye on the fuel, you shouldn’t run out.\n\nJust press and hold to overtake the cars in front of you and let go to return to your lane.\n\nThere’s no speed limit so enjoy the drive!\n\nOverTake features:\n- Simple and fun gameplay\n- Increasingly challenging levels\n- New cars to unlock",
    "price": "$0.00",
    "release_date": "2020-02-26T00:00:00",
    "size": 185796608,
    "promotionalText": "",
    "rating": 4.3,
    "developer": {
      "name": "Kwalee Ltd",
      "id": 497961736
    },
    "screenshots": [
      "overtake-1.jpg",
      "overtake-2.jpg",
      "overtake-3.jpg",
      "overtake-4.jpg",
      "overtake-5.jpg"
    ],
    "versions": [
      {
        "version": "1.1.11",
        "release_date": "2019-12-15T00:00:00",
        "release_notes": "• Bug fixes and improvements "
      },
      {
        "version": "1.1.12",
        "release_date": "2019-12-20T00:00:00",
        "release_notes": "• Bug fixes and improvements"
      },
      {
        "version": "1.1.13",
        "release_date": "2020-01-09T00:00:00",
        "release_notes": "• Improvements and bug fixes"
      },
      {
        "version": "1.2.0",
        "release_date": "2020-02-24T00:00:00",
        "release_notes": "+Bug fixes and improvements to keep you overtaking"
      },
      {
        "version": "1.2.1",
        "release_date": "2020-02-28T00:00:00",
        "release_notes": "+Bug fixes and improvements to keep you overtaking!"
      }
    ]
  },
  {
    "id": 1498901771,
    "featured": false,
    "title": "Cut and Paint",
    "slug": "cut-and-paint",
    "subtitle": "",
    "icon": "cut-and-paint-icon.jpg",
    "description": "Real Carpentry Experience!\nTrim,Scrape,Cut and Paint the wooden blocks.\nSell them and make profit for your Wood Shop.\nSimple Controls, Addictive Gameplay.\nEnjoy!",
    "price": "$0.00",
    "release_date": "2020-02-15T00:00:00",
    "size": 223331328,
    "promotionalText": "",
    "rating": 4.7,
    "developer": {
      "name": "MagicLab",
      "id": 901903273
    },
    "screenshots": [
      "cut-and-paint-1.jpg",
      "cut-and-paint-2.jpg",
      "cut-and-paint-3.jpg",
      "cut-and-paint-4.jpg",
      "cut-and-paint-5.jpg",
      "cut-and-paint-6.jpg"
    ],
    "versions": [
      {
        "version": "1.0",
        "release_date": "2020-02-15T00:00:00",
        "release_notes": null
      },
      {
        "version": "1.0.1",
        "release_date": "2020-02-19T00:00:00",
        "release_notes": "New Levels!\nBug Fixes & Improvements"
      },
      {
        "version": "1.0.2",
        "release_date": "2020-02-21T00:00:00",
        "release_notes": "New Sprays & Colors!\nBug Fixes & Improvements"
      }
    ]
  },
  {
    "id": 1482395931,
    "featured": false,
    "title": "Chores!",
    "slug": "chores",
    "subtitle": "Let's start cleaning !",
    "icon": "chores-icon.jpg",
    "description": "Let's show Mom how good you are at doing all the chores of the house, and get paid for doing them !\n- Rug Cleaning \n- Make Breakfast\n- Clean Pool \n- Wash Car \n- Window Cleaning \n- Shoe Polishing\n- Raking Leaves\n- Mowing Lawn \n- Doing Dishes\n- Ironing Clothes \n- Water Plants \n& many more .\nDo the Chores - Earn Allowance - Decorate you Room !",
    "price": "$0.00",
    "release_date": "2019-12-21T00:00:00",
    "size": 334691328,
    "promotionalText": "",
    "rating": 3.4,
    "developer": {
      "name": "Lion Studios",
      "id": 1362220666
    },
    "screenshots": [
      "chores-1.jpg",
      "chores-2.jpg",
      "chores-3.jpg",
      "chores-4.jpg",
      "chores-5.jpg",
      "chores-6.jpg",
      "chores-7.jpg",
      "chores-8.jpg",
      "chores-9.jpg"
    ],
    "versions": [
      {
        "version": "1.6.2",
        "release_date": "2020-02-25T00:00:00",
        "release_notes": "Performance Enhancements "
      },
      {
        "version": "1.6.3",
        "release_date": "2020-02-25T00:00:00",
        "release_notes": "- Earn Xp points to Unlock New items \n"
      },
      {
        "version": "1.6.4",
        "release_date": "2020-02-27T00:00:00",
        "release_notes": "10 new Chores added \n"
      },
      {
        "version": "1.7",
        "release_date": "2020-02-28T00:00:00",
        "release_notes": "Performance Enhancements !"
      },
      {
        "version": "1.9",
        "release_date": "2020-03-05T00:00:00",
        "release_notes": null
      }
    ]
  },
  {
    "id": 1287282214,
    "featured": "New update",
    "title": "Call of Duty®: Mobile",
    "slug": "call-of-duty-mobile",
    "subtitle": "Multiplayer and Battle Royale",
    "icon": "call-of-duty-mobile-icon.jpg",
    "description": "Works with: iPhone SE, 6S, 6S Plus, 7, 7 Plus, 8, 8 Plus, X, XS, XR; iPad Mini 4, 5; iPad Air 2, 3; iPad Pro\n\nCall of Duty: Mobile DOES NOT support: iPhone 5S, 6, 6 Plus; iPad Air, Mini 2, 3; iPod Touch'\n\nOfficial CALL OF DUTY® designed exclusively for mobile phones. Play iconic multiplayer maps and modes anytime, anywhere. 100 player Battle Royale battleground? Fast 5v5 team deathmatch? Scary Zombies action? Sniper vs sniper battle? Activision’s free-to-play CALL OF DUTY®: MOBILE has it all.\n\nFREE TO PLAY ON MOBILE\n\nConsole quality HD gaming on your phone with customizable controls, voice and text chat, and thrilling 3D graphics and sound. Experience the thrill of the world’s most beloved shooter game, now on your phone for easy on-the-go fun.\n\nBELOVED GAME MODES AND MAPS\n\nPlay iconic multiplayer maps from Call of Duty®: Black Ops and Call of Duty®: Modern Warfare®, available for the first time for free. Or squad up with friends in a brand new 100-person battle royale survival map. Join the fun with millions of players from all around world!\n\nCUSTOMIZE YOUR UNIQUE LOADOUT\n\nAs you play CALL OF DUTY®: MOBILE you will unlock and earn dozens of famous characters, weapons, outfits, scorestreaks and pieces of gear that can be used to customize your loadouts. Bring these loadouts into battle in thrilling PvP multiplayers modes like 5v5 team deathmatch, frontline, free for all, search and destroy, sniper battle, and battle royale.\n\nCOMPETITIVE AND SOCIAL PLAY\n\nUse skill and strategy to battle to the top in competitive Ranked Mode or to win the most Clan prizes as you play with friends. Compete and fight against millions of friends and foes in this thrilling free to play multipler shooter.\n\nCHOICE AND COMPLEXITY\n\nWhether in gameplay, events, controls, or loadouts, CALL OF DUTY®: MOBILE offers complexity and depth in an ever-changing experience.\n\nHave what it takes to compete with the best? Download CALL OF DUTY®: MOBILE now!\n_________________________________________________________\nNOTE: We welcome any feedback during your experience to improve the game. To give feedback, in-game go to > Settings > Feedback > Contact Us.\nSubscribe for Updates! ---> profile.callofduty.com/cod/registerMobileGame\t\n_________________________________________________________\nNote: An internet connection is required to play this game.\n\nPlease note this app contains social features that allow you to connect and play with friends and push notifications to inform you when exciting events or new content are taking place in the game. You can choose whether or not to utilize these features.\n\n© 2019 Activision Publishing, Inc. ACTIVISION and CALL OF DUTY are trademarks of Activision Publishing, Inc. All other trademarks and trade names are the properties of their respective owners. By downloading, installing or using this App, you agree to Activision's privacy policy and terms of us, as may be updated by Activision from time to time. Please visit http://www.activision.com/privacy/en/privacy.html to view Activision's privacy policy and https://www.activision.com/legal/terms-of-use to view Activision's terms of use.\n",
    "price": "$0.00",
    "release_date": "2019-09-30T00:00:00",
    "size": 1966315520,
    "promotionalText": "",
    "rating": 4.8,
    "developer": {
      "name": "Activision Publishing, Inc.",
      "id": 285005466
    },
    "screenshots": [
      "call-of-duty-mobile-1.jpg",
      "call-of-duty-mobile-2.jpg",
      "call-of-duty-mobile-3.jpg",
      "call-of-duty-mobile-4.jpg",
      "call-of-duty-mobile-5.jpg",
      "call-of-duty-mobile-6.jpg",
      "call-of-duty-mobile-7.jpg"
    ],
    "versions": [
      {
        "version": "1.0.4",
        "release_date": "2019-07-19T00:00:00",
        "release_notes": "Various bug fixes."
      },
      {
        "version": "1.0.6",
        "release_date": "2019-08-16T00:00:00",
        "release_notes": "Various bug fixes and optimizations"
      },
      {
        "version": "1.0.8",
        "release_date": "2019-09-27T00:00:00",
        "release_notes": "Various bug fixes and optimizations."
      },
      {
        "version": "1.0.9",
        "release_date": "2019-11-23T00:00:00",
        "release_notes": "\"Season 2 Update is Live!\n•New Winter themed rewards for ranked leaderboards\n•New Premium and Free Battle Pass rewards\nController Support now available!\nZombie mode is available with two different game modes\nNew Multiplayer map and limited time game modes!\n•New Map: Summit\n•One Shot One Kill, Sticks and Stones and Prop Hunt limited time modes\n•Limited time holiday themed Raid map\nBattle Royale improvements\n•New and improved locations\nVarious bug fixes and optimizations\""
      },
      {
        "version": "1.0.10",
        "release_date": "2020-01-16T00:00:00",
        "release_notes": "\"What’s New!\nNew content will be released throughout the new season. Please visit our social media for complete notes.\n\nSeason 3 Update is Live! A brand-new ranked season is now available.\n-New ranked rewards, including Black Ops III weapons, Python Camo series, and more!\n-Ranked Improvements\noUpdated user interface\noImproved matchmaking balance\noIncreased penalty for frequently quitting\noReduced point deduction for losses below Master\noHijacked map removed from ranked MP\noDomination single round score adjusted to 75 in ranked\noTDM score adjusted to 50 in ranked\n\nBattle Pass\n-New Premium and Free Battle Pass Rewards!\n-Premium Battle Pass price has been lowered\n-Battle Pass tiers has been reduced to 50, high value content has remained\n\nMultiplayer\n-New Limited Time Mode\noRapid Fire\n•Faster Score Streaks\n•Shorter Operator Skill cooldowns\n•Unlimited ammo\n-New Maps:\noScrapyard\n•TDM, Domination, Search and Destroy, Frontline, Hardpoint\noCage\n•TDM, Sniper Only\n-New Operator Skill and Scorestreak coming soon\n\nBattle Royale\n-Time and space have distorted and will soon reveal a new battle area\n-New Limited Time Battle Royale Mode\no20 vs 20 Mode\n•Fast-paced objective based mode that brings MP mechanics to Battle Royale\n-New vehicle\no2-person motorcycle, perfect for high speed assaults and escapes\n-New Battle Royale Class coming soon\n\nGeneral\n-Call of Duty Account Login!\noPlayers can create a Call of Duty Account or bind their existing account to Call of Duty: Mobile!\n-Controls\noAdded three new sensitivity modes and shotgun firing in control settings\n-Combat\noNew Operator Skill – H.I.V.E\n•New operator skill that kills enemies with the use of traps\noNew Scorestreak – XS1 Goliath\n•Unlock this devastating Scorestreak at 900 points\n\nImprovements and Optimizations\nMultiplayer\n-TDM is now unlocked at level 3\n-Return of Takeoff and Raid MP maps\n-Fixed wall geometry on certain maps\n-Added warning and death for leaving combat zone\n-Increased damage taken from falls\n-Added mechanism of climbing down the ladder\n-Slightly reduced recoil stability of Type25, Ak117 and MSMC\n-Increase recoil control of AK47, Lk24, ICR, Asm10 and HG40\n-Nerfed SMRS, S36 and magazine capacity of MSMC\n-Check complete details of weapon balancing adjustments in reddit! \nBattle Royale\n-Improved Shipment and Countdown location layouts\n-Improved sound effects in cold areas\n-Added additional strategic ziplines\n-Increased damage drop-off of SMRS rockets at longer distances \n-Reduced movement speed while actively using SMRS\n-Improved helicopter collision mechanics with environment\n-Airdrops always contain Level 3 body armor\n-Deploying Transform Shield releases a high-pressure air blast that affects incoming bullet trajectory\n-Additional improvements\n\nSystem and Client\n-Slightly increased strength of controller aim assist on MP and BR\n-MP after action report UI improvements for final scores and team MVPs\n-Improved experience bonus from certain modes\n-Reporting cheaters may generate a follow up on actions taken \n-Fallen players can ping teammates to retrieve or use dog tags in BR\n-Primary and secondary weapons can be switched during match countdown\n-Improved quick team up option in lobby\n\"\n"
      }
    ]
  },
  {
    "id": 1497724712,
    "featured": false,
    "title": "Slap That - Winner Slaps All",
    "slug": "slap-that-winner-slaps-all",
    "subtitle": "That slap game",
    "icon": "slap-that-winner-slaps-all-icon.jpg",
    "description": "It’s all smacking good fun. Until you get slapped back, so make sure it’s two hits: You hit them, and they hit the ground. Rise through the ranks and slap everyone from your boss to the mailman to become the new slap boss.\n\nPlay and have fun with no repercussions. See if you can K.O. the competition in this no-holds barred slap smacking tournament. Stick out your face to take a hit. Time everything right to lay out the competition. Do you know your own strength? You are about to find out! \n\nTime to knock out the competition!\n\n\n \n Game Features:\n1.       Simple but addicting mechanics\nTime it right to make the perfect it! Sounds easy but don’t let the nerves get to you. If you miss too much your opponent will get the hit on you.\n\n2.       Beautiful Graphics\nSo lifelike it’s as if you were the ones making the slap! Ouch that hurts!\n\n3.       New Game Modes constantly getting added\nHave someone in mind that you wish you could just slap across the face? Stay tuned...\n\n4.        Chill and have fun\nNice casual, relaxing, smacking good fun. See a face and swing! It’s that easy! \n\nWhether you want to smack, hit, slap, or fight, this game is for you. Slap That will ko the competition!\n\n\nVisit https://lionstudios.cc/contact-us/ if have any feedback, need help on beating a level or have any awesome ideas you would like to see in the game!\n\nFrom the Studio that brought you Mr. Bullet, Happy Glass, Ink Inc and Love Balls!\n\nFollow us to get news and updates on our other Award Winning titles;\nhttps://lionstudios.cc/\nFacebook.com/LionStudios.cc\nInstagram.com/LionStudioscc\nTwitter.com/LionStudiosCC\nYoutube.com/c/LionStudiosCC\n\n\n\n해피 글라스, 플립 트릭스터와 러브 볼스 게임을 개발한 스튜디오에서 알려드립니다!\n\n팔로우를 통해 수상 경력에 빛나는 저희의 타이틀 뉴스와 업데이트를 받아보세요;\nhttps://LionStudios.cc/\nFacebook.com/LionStudios.cc\nInstagram.com/LionStudioscc\nTwitter.com/LionStudiosCC\nYoutube.com/c/LionStudiosCC\n",
    "price": "$0.00",
    "release_date": "2020-02-25T00:00:00",
    "size": 227571712,
    "promotionalText": "",
    "rating": 4.5,
    "developer": {
      "name": "Lion Studios",
      "id": 1362220666
    },
    "screenshots": [
      "slap-that-winner-slaps-all-1.jpg",
      "slap-that-winner-slaps-all-2.jpg",
      "slap-that-winner-slaps-all-3.jpg",
      "slap-that-winner-slaps-all-4.jpg"
    ],
    "versions": [
      {
        "version": "1.0.4",
        "release_date": "2020-02-21T00:00:00",
        "release_notes": "** Minor fixes"
      },
      {
        "version": "1.0.5",
        "release_date": "2020-02-26T00:00:00",
        "release_notes": "Product Improvements"
      },
      {
        "version": "1.0.6",
        "release_date": "2020-02-26T00:00:00",
        "release_notes": "+ Bug fixes"
      },
      {
        "version": "1.0.7",
        "release_date": "2020-02-29T00:00:00",
        "release_notes": "Performance Improvements!"
      },
      {
        "version": "1.0.8",
        "release_date": "2020-03-05T00:00:00",
        "release_notes": null
      }
    ]
  },
  {
    "id": 1491328118,
    "featured": false,
    "title": "Johnny Trigger",
    "slug": "johnny-trigger",
    "subtitle": "Bullet time!",
    "icon": "johnny-trigger-icon.jpg",
    "description": "Do you have what it takes to take down the underground world of mafia?\nLess talk, more bullet.",
    "price": "$0.00",
    "release_date": "2019-12-18T00:00:00",
    "size": 233169920,
    "promotionalText": "Load your gun, it's showtime.",
    "rating": 4.8,
    "developer": {
      "name": "SayGames LLC",
      "id": 1405039362
    },
    "screenshots": [
      "johnny-trigger-1.jpg",
      "johnny-trigger-2.jpg",
      "johnny-trigger-3.jpg",
      "johnny-trigger-4.jpg",
      "johnny-trigger-5.jpg",
      "johnny-trigger-6.jpg"
    ],
    "versions": [
      {
        "version": "1.5.0",
        "release_date": "2020-01-14T00:00:00",
        "release_notes": "HUGE UPDATE! Johnny Trigger is back with a bang!\n\nUpdated Johnny comes with:\n• New weapon type: automatic guns. Enjoy the rapid firepower!\n• New Super Guns. Blaze the enemies with style.\n• New outfits. Johnny has many faces, which one is yours?\n• New worlds. Will you dare to enter the secret laboratory?\n\nComing soon: upgraded arsenal and... a burner phone. Are you Johnny enough to answer the call?"
      },
      {
        "version": "1.5.1",
        "release_date": "2020-01-16T00:00:00",
        "release_notes": "HUGE UPDATE! Johnny Trigger is back with a bang!\n\nUpdated Johnny comes with:\n• New weapon type: automatic guns. Enjoy the rapid firepower!\n• New Super Guns. Blaze the enemies with style.\n• New outfits. Johnny has many faces, which one is yours?\n• New worlds. Will you dare to enter the secret laboratory?\n\nComing soon: upgraded arsenal and... a burner phone. Are you Johnny enough to answer the call?"
      },
      {
        "version": "1.6.3",
        "release_date": "2020-01-30T00:00:00",
        "release_notes": "GRAND UPDATE! It is showtime indeed.\n\nUpdated Johnny comes with:\n• Ultimate guns. Freeze your enemies or burn them to a crisp.\n• Ultimate outfits. Become the hero Johnny is meant to be.\n• New Super guns. Craving for even more power?\n• Missions. Are you Johnny enough to reach the secret mission?\n• Dice board. Play daily and get the grand prize every week.\n• New worlds. What does the future hold for Johnny?\n• The usual: Tons of new levels.\n\nComing soon: ever thought how the Johnny base looks like?"
      },
      {
        "version": "1.6.4",
        "release_date": "2020-01-31T00:00:00",
        "release_notes": "GRAND UPDATE! It is showtime indeed.\n\nUpdated Johnny comes with:\n• Ultimate guns. Freeze your enemies or burn them to a crisp.\n• Ultimate outfits. Become the hero Johnny is meant to be.\n• New Super guns. Craving for even more power?\n• Missions. Are you Johnny enough to reach the secret mission?\n• Dice board. Play daily and get the grand prize every week.\n• New worlds. What does the future hold for Johnny?\n• The usual: Tons of new levels.\n\nComing soon: ever thought how the Johnny base looks like?"
      },
      {
        "version": "1.7.1",
        "release_date": "2020-03-02T00:00:00",
        "release_notes": "MASSIVE UPDATE! Johnny checks in with loads of new content to offer.\n\nUpdated Johnny comes with:\n• Johnny Base! Open the rooms with keys, upgrade them with hammers and unlock exclusive bonuses!\n• Base guns and outfits: keep upgrading rooms to unlock unique, themed gear.\n• Bonus level: amusement park! Good place to find gems, keys and hammers!\n\nComing soon: challenges that reveal the origin story of Johnny Trigger, which will be rolled out with a touch of colorful comics!"
      }
    ]
  },
  {
    "id": 1495369374,
    "featured": false,
    "title": "Draw Climber",
    "slug": "draw-climber",
    "subtitle": "Draw your legs and run!",
    "icon": "draw-climber-icon.jpg",
    "description": "Funniest race you ever played!\n\nDraw your legs to win the race! \n\nAny drawing will make you run!\n\nWhen you are stuck you can draw another shape to pass!",
    "price": "$0.00",
    "release_date": "2020-01-31T00:00:00",
    "size": 120156160,
    "promotionalText": "",
    "rating": 4.6,
    "developer": {
      "name": "Voodoo",
      "id": 714804730
    },
    "screenshots": [
      "draw-climber-1.jpg",
      "draw-climber-2.jpg",
      "draw-climber-3.jpg",
      "draw-climber-4.jpg",
      "draw-climber-5.jpg",
      "draw-climber-6.jpg"
    ],
    "versions": [
      {
        "version": "1.0.2",
        "release_date": "2020-02-04T00:00:00",
        "release_notes": "Booster item added.\nCrash fix."
      },
      {
        "version": "1.1.0",
        "release_date": "2020-02-08T00:00:00",
        "release_notes": "Bridge, Wheel and many more features added.\nCrash fix."
      },
      {
        "version": "1.1.1",
        "release_date": "2020-02-15T00:00:00",
        "release_notes": "More levels.\nNew background colors.\nCrash fix."
      },
      {
        "version": "1.1.2",
        "release_date": "2020-02-18T00:00:00",
        "release_notes": "More levels.\nNew background colors.\nCrash fix."
      },
      {
        "version": "1.2.0",
        "release_date": "2020-02-28T00:00:00",
        "release_notes": "More levels.\nNew background colors.\nCrash fix."
      }
    ]
  },
  {
    "id": 1477636326,
    "featured": false,
    "title": "Trivia.io",
    "slug": "trivia-io",
    "subtitle": "How high is your IQ?",
    "icon": "trivia-io-icon.jpg",
    "description": "The best 3D trivia game!\n\nRead the question and place your people on the answers!\nCareful, everyone on the wrong answer will fall!\n\nIs your brain big enough?",
    "price": "$0.00",
    "release_date": "2019-08-24T00:00:00",
    "size": 504792064,
    "promotionalText": "How high is your IQ?",
    "rating": 4.6,
    "developer": {
      "name": "8SEC",
      "id": 1005047998
    },
    "screenshots": [
      "trivia-io-1.jpg",
      "trivia-io-2.jpg",
      "trivia-io-3.jpg",
      "trivia-io-4.jpg",
      "trivia-io-5.jpg",
      "trivia-io-6.jpg",
      "trivia-io-7.jpg"
    ],
    "versions": [
      {
        "version": "9.1.1",
        "release_date": "2020-02-12T00:00:00",
        "release_notes": "- Added new questions!"
      },
      {
        "version": "9.3",
        "release_date": "2020-02-20T00:00:00",
        "release_notes": "- Added new questions!"
      },
      {
        "version": "10.0",
        "release_date": "2020-02-22T00:00:00",
        "release_notes": "- New Joker System!"
      },
      {
        "version": "10.1",
        "release_date": "2020-02-29T00:00:00",
        "release_notes": "We added new questions!"
      },
      {
        "version": "10.1.1",
        "release_date": "2020-03-03T00:00:00",
        "release_notes": "We added new questions!"
      }
    ]
  },
  {
    "id": 1498229533,
    "featured": "New release",
    "title": "Parking Jam 3D",
    "slug": "parking-jam-3d",
    "subtitle": "Embrace your road rage!",
    "icon": "parking-jam-3d-icon.jpg",
    "description": "Slam the breaks! You’re in a Parking Jam! \n\nIt is time to leave the parking lot, but why are everyone else’s cars in the way? You need to move them … but hold on! It needs to be done in the right order, because these tight parking lots have tons of obstacles! Can you solve this tricky parking puzzle and get all the cars on the road? \n\nIn this fun and colorful game, you challenge your logic skills, critical thinking, and timing precision. There are tons of beautiful car colors and patterns to unlock, to keep you on your toes. It’s super satisfying to flip the cars on the road (or into each other, if you pick them in the wrong order!) \n\nWhat are you waiting for? Challenge your brain with this tricky game right now!",
    "price": "$0.00",
    "release_date": "2020-02-08T00:00:00",
    "size": 236250112,
    "promotionalText": "Embrace your road rage!",
    "rating": 4.5,
    "developer": {
      "name": "Popcore GmbH",
      "id": 1375461777
    },
    "screenshots": [
      "parking-jam-3d-1.jpg",
      "parking-jam-3d-2.jpg",
      "parking-jam-3d-3.jpg",
      "parking-jam-3d-4.jpg",
      "parking-jam-3d-5.jpg"
    ],
    "versions": [
      {
        "version": "1.0",
        "release_date": "2020-02-08T00:00:00",
        "release_notes": null
      },
      {
        "version": "1.1",
        "release_date": "2020-02-13T00:00:00",
        "release_notes": "Bug fixing + performance improvements!\n\nThank you for playing!"
      },
      {
        "version": "1.2",
        "release_date": "2020-02-14T00:00:00",
        "release_notes": "Bug fixing + performance improvements!\n\nThank you for playing!"
      },
      {
        "version": "1.3",
        "release_date": "2020-03-02T00:00:00",
        "release_notes": null
      }
    ]
  },
  {
    "id": 1500245487,
    "featured": false,
    "title": "Will It Shred?",
    "slug": "will-it-shred",
    "subtitle": "ASMR Satisfying Shredding Game",
    "icon": "will-it-shred-icon.jpg",
    "description": "What would you do if you had a shredder POWERFUL enough to SHRED ANYTHING?\n\nAnswer: SHRED EVERYTHING!!!\n\n...with unbelievable REALISM you have to see to believe!\n\nUpgrade your shredder for\n- more damage\n- more speed\n- & more gold!\n\nOne of the best games out there for blowing off some steam:\n\n- Shred more\n- Earn more\n- Buy more\n- And then SHRED IT!\n\nInstall, sit back, relax, and let the shredder SHRED EVERYTHING!",
    "price": "$0.00",
    "release_date": "2020-02-27T00:00:00",
    "size": 217705472,
    "promotionalText": "SHRED everything you can in the MOST BEAUTIFUL way you can imagine! Discover multiple cool items and CRUSH them!",
    "rating": 4.8,
    "developer": {
      "name": "BoomBit, Inc.",
      "id": 1045926022
    },
    "screenshots": [
      "will-it-shred-1.jpg",
      "will-it-shred-2.jpg",
      "will-it-shred-3.jpg",
      "will-it-shred-4.jpg",
      "will-it-shred-5.jpg",
      "will-it-shred-6.jpg",
      "will-it-shred-7.jpg",
      "will-it-shred-8.jpg"
    ],
    "versions": [
      {
        "version": "1.0",
        "release_date": "2020-02-26T00:00:00",
        "release_notes": null
      },
      {
        "version": "1.1",
        "release_date": "2020-02-27T00:00:00",
        "release_notes": "More items added!"
      },
      {
        "version": "1.2",
        "release_date": "2020-02-28T00:00:00",
        "release_notes": "More items added!"
      },
      {
        "version": "1.3",
        "release_date": "2020-02-29T00:00:00",
        "release_notes": "More items added!"
      },
      {
        "version": "1.0.3",
        "release_date": "2020-03-04T00:00:00",
        "release_notes": null
      }
    ]
  },
  {
    "id": 1492451796,
    "featured": false,
    "title": "Woodturning 3D",
    "slug": "woodturning-3d",
    "subtitle": "One lathe to rule them all !",
    "icon": "woodturning-3d-icon.jpg",
    "description": "The best woodturning simulator!\n\nCut, polish and paint your masterpiece! ",
    "price": "$0.00",
    "release_date": "2020-01-01T00:00:00",
    "size": 213652480,
    "promotionalText": "",
    "rating": 4.4,
    "developer": {
      "name": "Voodoo",
      "id": 714804730
    },
    "screenshots": [
      "woodturning-3d-1.jpg",
      "woodturning-3d-2.jpg",
      "woodturning-3d-3.jpg",
      "woodturning-3d-4.jpg"
    ],
    "versions": [
      {
        "version": "1.3",
        "release_date": "2020-01-29T00:00:00",
        "release_notes": "- Work on your own wood table !\n- Work on iron, gold, watermelon and a lot of others !\n- Apply beautiful forms to your object !\n- You can now more easily reach 100% accuracy !\n\nMore content coming soon, stay tuned !"
      },
      {
        "version": "1.3.1",
        "release_date": "2020-01-31T00:00:00",
        "release_notes": "- Money fixes !\n- Added shadows !\n\nMore content coming soon !"
      },
      {
        "version": "1.3.2",
        "release_date": "2020-02-05T00:00:00",
        "release_notes": "- Minor fixes !\n\nMore content coming soon !"
      },
      {
        "version": "1.4",
        "release_date": "2020-02-13T00:00:00",
        "release_notes": "- NEW SHOP - Buy amazing new chisels and sponges !\n- NEW WOODS - Carve into beautiful new woods and metal !\n\nMore content coming soon ! Stay tuned"
      },
      {
        "version": "1.5",
        "release_date": "2020-02-27T00:00:00",
        "release_notes": "- NEW LEVELS !\n- UNDO SYSTEM ! \n- BETTER SHAPE ! We added an outline on the shape to be clearer\n- NEW PAINT CONTROL !\n\nMore content coming soon ! Thanks for playing !"
      }
    ]
  },
  {
    "id": 1458309993,
    "featured": false,
    "title": "It's Literally Just Mowing",
    "slug": "its-literally-just-mowing",
    "subtitle": "Calm down and cut nice lawns",
    "icon": "its-literally-just-mowing-icon.jpg",
    "description": "Leave your worries behind and enter the calm, simple world of mowing. Love nature? Love mowing? Love the simple life? Find it all as your mower turns troublesome turf into backyard bliss. Zone out and mow to your heart’s content, totally stress free. No penalties, no score, it’s literally just mowing. The perfect casual zen experience. From seedlings to great oaks, everyone can enjoy the mowing life.\n\n- Guide your mower around lush gardens and charming houses; leave no blade of grass un-trimmed.\n- Win new parts and get your mower looking real nice. There’s literally thousands of combinations.\n- Collect beautiful butterflies for your album.\n- Don’t forget to take care of those parks and sports fields. You may find something interesting hiding beneath.\n- Mow daily to earn extra rewards.\n- Enjoy Protostar GrassTech™ rendering technology. It's the best looking grass on mobile.\n\nIn this life, only three things matter: you, a nice, neat lawn, and the grass that stands between!\n\nIt’s Literally Just Mowing is free, but contains in game purchases. These can be disabled in your device settings.",
    "price": "$0.00",
    "release_date": "2020-02-26T00:00:00",
    "size": 143868928,
    "promotionalText": "",
    "rating": 4.7,
    "developer": {
      "name": "Protostar",
      "id": 901595359
    },
    "screenshots": [
      "its-literally-just-mowing-1.jpg",
      "its-literally-just-mowing-2.jpg",
      "its-literally-just-mowing-3.jpg",
      "its-literally-just-mowing-4.jpg",
      "its-literally-just-mowing-5.jpg",
      "its-literally-just-mowing-6.jpg",
      "its-literally-just-mowing-7.jpg",
      "its-literally-just-mowing-8.jpg",
      "its-literally-just-mowing-9.jpg"
    ],
    "versions": [
      {
        "version": "0.9.2",
        "release_date": "2020-02-03T00:00:00",
        "release_notes": null
      },
      {
        "version": "1.0.0",
        "release_date": "2020-02-26T00:00:00",
        "release_notes": "Welcome to the official worldwide release of It's Literally Just Mowing!"
      }
    ]
  },
  {
    "id": 924373886,
    "featured": "New update",
    "title": "Crossy Road",
    "slug": "crossy-road",
    "subtitle": "Endless Arcade Hopper",
    "icon": "crossy-road-icon.jpg",
    "description": "Why did the Chicken cross the road?\nWhy did the Pigeon leave THAT there?\nWhy did Unihorse eat all that candy?\nCrossy Road® is the #1 viral smash hit you’ll never stop playing.",
    "price": "$0.00",
    "release_date": "2014-11-20T00:00:00",
    "size": 155592704,
    "promotionalText": "",
    "rating": 4.6,
    "developer": {
      "name": "HIPSTER WHALE",
      "id": 924373885
    },
    "screenshots": [
      "crossy-road-1.jpg",
      "crossy-road-2.jpg",
      "crossy-road-3.jpg",
      "crossy-road-4.jpg",
      "crossy-road-5.jpg",
      "crossy-road-6.jpg"
    ],
    "versions": [
      {
        "version": "4.3.12",
        "release_date": "2019-11-27T00:00:00",
        "release_notes": "Celebrating 5 years of Crossy Road"
      },
      {
        "version": "4.3.15",
        "release_date": "2019-12-18T00:00:00",
        "release_notes": "Happy Holidays!\n\n2 new figurines"
      },
      {
        "version": "4.3.16",
        "release_date": "2020-01-22T00:00:00",
        "release_notes": "Bug fixes and improvements."
      },
      {
        "version": "4.3.17",
        "release_date": "2020-02-17T00:00:00",
        "release_notes": "Show us your best Samba moves in Pecking Order Special Brazilian Carnaval"
      },
      {
        "version": "4.3.18",
        "release_date": "2020-02-27T00:00:00",
        "release_notes": "Crossy Road Castle has launched in Apple Arcade! To celebrate, a FREE character “Blue” has arrived. See if you can unlock a secret by playing as Blue"
      }
    ]
  },
  {
    "id": 1479551182,
    "featured": false,
    "title": "Push'em all",
    "slug": "pushem-all",
    "subtitle": "Push them hard!",
    "icon": "pushem-all-icon.jpg",
    "description": "Trace your way to the end of the level and push the enemies with your stick on the way! \nMove your character and make all the ennemies fall down (and maybe you will learn how to use traps?!)\n\nBe careful with giant ennemies and the fast ones, It's their turn to try to take you down!\n\nOne-tap easy-to-learn controls with stunning visual effects and addictive gameplay mechanics!",
    "price": "$0.00",
    "release_date": "2019-11-15T00:00:00",
    "size": 196661248,
    "promotionalText": "Will you rush to the end or will you prefer to clean everything up on your way? It's your turn to play!",
    "rating": 4.6,
    "developer": {
      "name": "Voodoo",
      "id": 714804730
    },
    "screenshots": [
      "pushem-all-1.jpg",
      "pushem-all-2.jpg",
      "pushem-all-3.jpg",
      "pushem-all-4.jpg",
      "pushem-all-5.jpg",
      "pushem-all-6.jpg",
      "pushem-all-7.jpg",
      "pushem-all-8.jpg"
    ],
    "versions": [
      {
        "version": "1.7",
        "release_date": "2019-12-05T00:00:00",
        "release_notes": "- The store opens its doors. Come discover new skins and many other surprises in preparation.\n- Several dozens of new levels!\n- New ennemies to push!\n- Follow the arrow to find more easily the last enemies if you like to empty the levels!\n- The enemies continue to follow you and do not stop anymore on the way.\n- Minor bugs fixs."
      },
      {
        "version": "1.8",
        "release_date": "2019-12-17T00:00:00",
        "release_notes": "- Discover the celebration dances, unlockable in the store.\n- Discover all the new unlockable weapons at the end of the game, every 5 levels: bazooka, magic wand, boomerang and much more.\n- Go in the options to enable or disable the sounds in the game and enjoy an even more immersive experience.\n- 2 new backgrounds: Science Fiction and Christmas Special.\n- New enemies: be careful, they activate when you pass by.\n- New traps: be careful not to be pushed or fall if the ground collapses.\n- Several dozens of new levels and bosses.\n- New user interface options.\n- Major performance optimization."
      },
      {
        "version": "1.9",
        "release_date": "2020-01-09T00:00:00",
        "release_notes": "Overall performance optimizations."
      },
      {
        "version": "1.10",
        "release_date": "2020-01-23T00:00:00",
        "release_notes": "- Discover 6 new character skins!\n- Global optimization of the game.\n- Minor bug fixes."
      },
      {
        "version": "1.11",
        "release_date": "2020-02-17T00:00:00",
        "release_notes": null
      }
    ]
  },
  {
    "id": 1487968838,
    "featured": false,
    "title": "Dentist Bling",
    "slug": "dentist-bling",
    "subtitle": "Fix’em & Bling’em",
    "icon": "dentist-bling-icon.jpg",
    "description": "Being a dentist has never been so fun... and relaxing!\n\nTreat your patients, fill their cavities, remove that plaque.\nPull out decaying teeth and replace them with shiny new ones. \nKill pesky germs and apply braces.\nDon’t forget your special BLING diamond treatment.\n\nWhatever you do, make them smile!",
    "price": "$0.00",
    "release_date": "2019-12-22T00:00:00",
    "size": 100290560,
    "promotionalText": "",
    "rating": 4.6,
    "developer": {
      "name": "Crazy Labs",
      "id": 721307559
    },
    "screenshots": [
      "dentist-bling-1.jpg",
      "dentist-bling-2.jpg",
      "dentist-bling-3.jpg",
      "dentist-bling-4.jpg",
      "dentist-bling-5.jpg",
      "dentist-bling-6.jpg",
      "dentist-bling-7.jpg"
    ],
    "versions": [
      {
        "version": "0.0.5",
        "release_date": "2020-01-16T00:00:00",
        "release_notes": "New skins! New Bonus levels!\nUpdate now to enjoy it all!"
      },
      {
        "version": "0.0.6",
        "release_date": "2020-01-31T00:00:00",
        "release_notes": "The bug patrol did some bug control. Thanks guys!"
      },
      {
        "version": "0.1.2",
        "release_date": "2020-02-09T00:00:00",
        "release_notes": "New update. Smoother game. Lots of fun!"
      },
      {
        "version": "0.2.0",
        "release_date": "2020-02-23T00:00:00",
        "release_notes": "Small fixes - you may not feel them, but they work."
      },
      {
        "version": "0.2.1",
        "release_date": "2020-02-27T00:00:00",
        "release_notes": "Bugs fixes for undisturbed hours of fun"
      }
    ]
  }
]
